epoch,time,reward
0,9.067933320999146,-21.0
1,17.74422836303711,-21.0
2,26.361972332000732,-21.0
3,35.135509729385376,-21.0
4,43.383100509643555,-21.0
5,51.88840198516846,-21.0
6,60.145734548568726,-21.0
7,68.22340083122253,-21.0
8,76.29884266853333,-21.0
9,84.32536458969116,-21.0
10,93.07690930366516,-21.0
11,100.35512804985046,-21.0
12,108.05541133880615,-21.0
13,116.12364888191223,-21.0
14,124.18891406059265,-21.0
15,132.26192259788513,-21.0
16,140.28386664390564,-21.0
17,148.474618434906,-21.0
18,156.66413068771362,-21.0
19,164.68240308761597,-21.0
20,172.7372784614563,-21.0
21,180.75444722175598,-21.0
22,188.85311436653137,-21.0
23,197.19506072998047,-21.0
24,205.35475087165833,-21.0
25,213.68972611427307,-21.0
26,221.872230052948,-21.0
27,230.15097856521606,-21.0
28,238.80143475532532,-21.0
29,246.99747848510742,-21.0
30,256.33086681365967,-21.0
31,264.44956493377686,-21.0
32,272.57790088653564,-21.0
33,280.7585799694061,-21.0
34,289.13628673553467,-21.0
35,297.28011178970337,-21.0
36,304.8447301387787,-21.0
37,312.3111877441406,-21.0
38,320.24939942359924,-21.0
39,328.4359848499298,-21.0
40,336.5880832672119,-21.0
41,344.83305978775024,-21.0
42,352.99661469459534,-21.0
43,361.26650738716125,-21.0
44,369.6039197444916,-21.0
45,378.41765546798706,-21.0
46,387.4185280799866,-21.0
47,396.54957461357117,-21.0
48,405.17560839653015,-21.0
49,413.42899441719055,-21.0
50,421.68411803245544,-21.0
51,429.8460388183594,-21.0
52,438.1593871116638,-21.0
53,446.2640628814697,-21.0
54,454.3598623275757,-21.0
55,462.41759991645813,-21.0
56,470.5288727283478,-21.0
57,478.61959862709045,-21.0
58,486.7334740161896,-21.0
59,494.85830211639404,-21.0
60,503.0641739368439,-21.0
61,511.00645899772644,-21.0
62,518.3663747310638,-21.0
63,526.3037185668945,-21.0
64,534.3919398784637,-21.0
65,542.5298376083374,-21.0
66,550.6943924427032,-21.0
67,558.8095026016235,-21.0
68,567.0075347423553,-21.0
69,575.1772270202637,-21.0
70,583.2277836799622,-21.0
71,591.3751094341278,-21.0
72,599.514347076416,-21.0
73,607.5994935035706,-21.0
74,615.7460153102875,-21.0
75,623.9234471321106,-21.0
76,632.0506792068481,-21.0
77,640.1806743144989,-21.0
78,648.283951997757,-21.0
79,656.3698279857635,-21.0
80,664.5526518821716,-21.0
81,672.701229095459,-21.0
82,680.7957119941711,-21.0
83,689.0835084915161,-21.0
84,697.2499845027924,-21.0
85,705.3104898929596,-21.0
86,713.4069757461548,-21.0
87,720.9150867462158,-21.0
88,728.3271453380585,-21.0
89,736.3860926628113,-21.0
90,744.5834302902222,-21.0
91,752.7952809333801,-21.0
92,760.9024841785431,-21.0
93,768.9687278270721,-21.0
94,777.019345998764,-21.0
95,785.9268040657043,-20.4
96,794.7532751560211,-21.0
97,802.7495195865631,-21.0
98,810.8372421264648,-21.0
99,818.9922571182251,-21.0
100,827.1201026439667,-21.0
101,835.1342666149139,-21.0
102,843.1184375286102,-21.0
103,851.3120865821838,-21.0
104,859.4422671794891,-21.0
105,867.6013367176056,-21.0
106,875.7266027927399,-21.0
107,885.0667967796326,-21.0
108,893.8245368003845,-21.0
109,902.1064121723175,-21.0
110,910.2367911338806,-21.0
111,918.4280660152435,-21.0
112,926.141482591629,-21.0
113,933.5454559326172,-21.0
114,942.3172421455383,-21.0
115,950.5199248790741,-21.0
116,958.7131991386414,-21.0
117,966.9472196102142,-21.0
118,975.1967301368713,-21.0
119,983.4083502292633,-21.0
120,991.6309373378754,-21.0
121,999.9476375579834,-21.0
122,1008.1677711009979,-21.0
123,1016.4637320041656,-21.0
124,1024.6991443634033,-21.0
125,1032.8307375907898,-21.0
126,1042.067892074585,-21.0
127,1050.2982437610626,-21.0
128,1058.4209756851196,-21.0
129,1066.5351705551147,-21.0
130,1074.7883803844452,-21.0
131,1082.9897692203522,-21.0
132,1091.180020570755,-21.0
133,1099.3800418376923,-21.0
134,1107.6669363975525,-21.0
135,1115.9426205158234,-21.0
136,1125.1765503883362,-21.0
137,1133.0852403640747,-21.0
138,1140.5074167251587,-21.0
139,1148.290272951126,-21.0
140,1156.8074400424957,-21.0
141,1165.4429626464844,-21.0
142,1173.6671056747437,-21.0
143,1182.0231127738953,-21.0
144,1190.2704410552979,-21.0
145,1198.658388376236,-20.8
146,1206.8644003868103,-21.0
147,1214.9932169914246,-21.0
148,1223.2201781272888,-21.0
149,1231.4285297393799,-21.0
150,1239.6377921104431,-21.0
151,1247.8356919288635,-21.0
152,1255.966022014618,-21.0
153,1264.1146342754364,-21.0
154,1272.364001274109,-21.0
155,1280.7290177345276,-21.0
156,1289.0115444660187,-21.0
157,1297.2480263710022,-21.0
158,1305.5202369689941,-21.0
159,1313.6656863689423,-21.0
160,1321.9688384532928,-21.0
161,1330.275800228119,-21.0
162,1338.4543452262878,-21.0
163,1346.1954412460327,-20.8
164,1353.8184084892273,-21.0
165,1362.159928560257,-21.0
166,1370.9700486660004,-20.4
167,1379.7273092269897,-21.0
168,1388.5667581558228,-20.6
169,1396.8310420513153,-21.0
170,1405.606243133545,-21.0
171,1413.841369152069,-21.0
172,1422.1096777915955,-21.0
173,1430.3060848712921,-21.0
174,1438.5932018756866,-21.0
175,1446.9034428596497,-21.0
176,1455.6701638698578,-21.0
177,1465.4571647644043,-21.0
178,1473.9665169715881,-21.0
179,1483.9728322029114,-20.8
180,1492.28533577919,-21.0
181,1501.7365159988403,-21.0
182,1510.0238530635834,-21.0
183,1518.3364946842194,-21.0
184,1526.4928855895996,-21.0
185,1534.5724251270294,-21.0
186,1542.5311675071716,-21.0
187,1550.189867734909,-21.0
188,1558.0936272144318,-21.0
189,1566.1216371059418,-21.0
190,1574.2858064174652,-21.0
191,1582.3876571655273,-21.0
192,1591.8008415699005,-20.2
193,1600.4323267936707,-21.0
194,1608.5017750263214,-21.0
195,1616.5743265151978,-21.0
196,1624.6693885326385,-21.0
197,1632.841896533966,-21.0
198,1640.9330894947052,-21.0
199,1649.182383775711,-21.0
200,1657.4335465431213,-21.0
201,1665.6339137554169,-21.0
202,1673.849732875824,-21.0
203,1682.1694526672363,-21.0
204,1690.3298788070679,-21.0
205,1698.5995886325836,-21.0
206,1706.7094340324402,-21.0
207,1714.9773230552673,-21.0
208,1723.1031603813171,-21.0
209,1731.3130366802216,-21.0
210,1739.5702755451202,-21.0
211,1747.7446329593658,-21.0
212,1755.4395635128021,-21.0
213,1762.887710094452,-21.0
214,1770.9410893917084,-21.0
215,1779.049149274826,-21.0
216,1787.3835561275482,-21.0
217,1795.6450381278992,-21.0
218,1803.8961863517761,-21.0
219,1812.0329146385193,-21.0
220,1820.286185503006,-21.0
221,1828.429743051529,-21.0
222,1836.6246221065521,-21.0
223,1845.5820941925049,-21.0
224,1853.7387034893036,-21.0
225,1861.7688057422638,-21.0
226,1870.4666004180908,-21.0
227,1878.7991750240326,-21.0
228,1886.9572734832764,-21.0
229,1894.9207606315613,-21.0
230,1903.0156464576721,-21.0
231,1911.733924627304,-21.0
232,1919.761509180069,-21.0
233,1927.804522037506,-21.0
234,1936.0448048114777,-21.0
235,1944.0468521118164,-21.0
236,1952.640385389328,-21.0
237,1960.3569917678833,-21.0
238,1967.653725385666,-21.0
239,1975.4737985134125,-21.0
240,1983.5528001785278,-21.0
241,1991.6114361286163,-21.0
242,1999.6599066257477,-21.0
243,2007.888159751892,-21.0
244,2015.9306313991547,-21.0
245,2024.286817073822,-21.0
246,2035.729900598526,-20.8
247,2045.5587146282196,-21.0
248,2053.6044285297394,-21.0
249,2063.1621432304382,-20.2
250,2071.1799132823944,-21.0
251,2079.106556892395,-21.0
252,2087.1469230651855,-21.0
253,2095.148000240326,-21.0
254,2103.122848033905,-21.0
255,2111.0802371501923,-21.0
256,2119.1433415412903,-21.0
257,2127.869311094284,-20.6
258,2135.999579191208,-21.0
259,2144.035896062851,-21.0
260,2152.142007827759,-21.0
261,2160.1326048374176,-21.0
262,2167.7633862495422,-21.0
263,2175.1353838443756,-21.0
264,2182.835073709488,-21.0
265,2190.8789966106415,-21.0
266,2198.8543474674225,-21.0
267,2207.5962142944336,-21.0
268,2216.8859407901764,-21.0
269,2226.4244344234467,-21.0
270,2235.013518810272,-21.0
271,2243.4055292606354,-21.0
272,2251.67139339447,-21.0
273,2259.942416906357,-21.0
274,2268.2757296562195,-21.0
275,2276.539383649826,-21.0
276,2285.1324672698975,-21.0
277,2296.2799825668335,-20.4
278,2308.745859861374,-20.6
279,2317.673716068268,-21.0
280,2326.177745819092,-21.0
281,2334.451415538788,-21.0
282,2342.667225599289,-21.0
283,2351.0247259140015,-21.0
284,2359.199540615082,-21.0
285,2367.4653816223145,-21.0
286,2375.233249902725,-21.0
287,2385.7591817379,-21.0
288,2393.5244941711426,-21.0
289,2402.8906536102295,-21.0
290,2411.150734424591,-21.0
291,2422.5933089256287,-21.0
292,2433.0837020874023,-21.0
293,2447.524154186249,-21.0
294,2455.7173199653625,-21.0
295,2465.248550891876,-21.0
296,2473.3749661445618,-21.0
297,2481.4276871681213,-21.0
298,2489.6267535686493,-21.0
299,2497.8302013874054,-21.0
300,2507.483428478241,-21.0
301,2515.7917528152466,-21.0
302,2524.024376630783,-21.0
303,2532.4608204364777,-21.0
304,2540.7316534519196,-21.0
305,2548.9384157657623,-21.0
306,2558.022808790207,-21.0
307,2566.2228212356567,-21.0
308,2574.3794770240784,-21.0
309,2582.2303125858307,-21.0
310,2589.608959913254,-21.0
311,2597.744057893753,-21.0
312,2605.91251540184,-21.0
313,2615.09534907341,-21.0
314,2623.3415656089783,-21.0
315,2631.5916681289673,-21.0
316,2640.1130170822144,-21.0
317,2648.393025159836,-21.0
318,2656.5176877975464,-21.0
319,2664.6664571762085,-21.0
320,2672.7185339927673,-21.0
321,2681.23286652565,-21.0
322,2689.360331296921,-21.0
323,2697.587187767029,-21.0
324,2705.834042072296,-21.0
325,2714.098845720291,-21.0
326,2722.238585948944,-21.0
327,2730.379433631897,-21.0
328,2738.7047939300537,-21.0
329,2746.9562454223633,-21.0
330,2755.2974536418915,-21.0
331,2763.532981157303,-21.0
332,2773.0499351024628,-21.0
333,2781.4523944854736,-21.0
334,2789.900987625122,-21.0
335,2797.263846874237,-21.0
336,2805.235396385193,-21.0
337,2813.4688165187836,-21.0
338,2821.760021209717,-21.0
339,2830.007465362549,-21.0
340,2838.146444797516,-21.0
341,2847.607500553131,-20.6
342,2857.6452293395996,-21.0
343,2866.0406606197357,-21.0
344,2874.369891166687,-21.0
345,2882.623550415039,-21.0
346,2890.814519405365,-21.0
347,2899.08038687706,-21.0
348,2907.315362930298,-21.0
349,2915.5857355594635,-21.0
350,2923.7193269729614,-21.0
351,2931.987105846405,-21.0
352,2940.21631526947,-21.0
353,2948.417560338974,-21.0
354,2956.6223027706146,-21.0
355,2964.7826733589172,-21.0
356,2972.973660469055,-21.0
357,2981.2451055049896,-21.0
358,2989.4508974552155,-21.0
359,2997.3800196647644,-21.0
360,3004.789826631546,-21.0
361,3012.5800688266754,-21.0
362,3020.8757939338684,-21.0
363,3029.2141284942627,-21.0
364,3037.44734954834,-21.0
365,3045.624011516571,-21.0
366,3053.7842452526093,-21.0
367,3062.0093750953674,-21.0
368,3070.138671875,-21.0
369,3078.3687920570374,-20.8
370,3086.6745336055756,-20.6
371,3095.033901453018,-20.6
372,3103.117961883545,-21.0
373,3111.2451050281525,-21.0
374,3119.4264113903046,-20.8
375,3127.582980155945,-21.0
376,3135.6677906513214,-21.0
377,3143.764994621277,-21.0
378,3151.815086364746,-21.0
379,3159.896167039871,-21.0
380,3168.7296555042267,-20.8
381,3176.840127468109,-21.0
382,3189.0616891384125,-20.8
383,3197.3105177879333,-21.0
384,3205.135302066803,-21.0
385,3212.4803791046143,-21.0
386,3220.163347005844,-21.0
387,3230.284927845001,-21.0
388,3238.270835876465,-21.0
389,3246.292078971863,-21.0
390,3255.8165419101715,-20.8
391,3263.808733224869,-21.0
392,3276.024082183838,-20.2
393,3284.0691702365875,-21.0
394,3292.0594804286957,-21.0
395,3300.1075155735016,-21.0
396,3320.9532742500305,-21.0
397,3332.981346845627,-21.0
398,3341.048088788986,-21.0
399,3349.325706720352,-20.8
400,3359.322827100754,-20.6
401,3368.8358449935913,-20.8
402,3377.704225540161,-20.8
403,3388.0209901332855,-21.0
404,3396.1745393276215,-21.0
405,3404.231470346451,-21.0
406,3411.9990706443787,-21.0
407,3419.7007551193237,-21.0
408,3427.007221221924,-21.0
409,3435.0160760879517,-21.0
410,3443.6106929779053,-21.0
411,3451.7556834220886,-21.0
412,3468.1285331249237,-19.8
413,3476.4786002635956,-21.0
414,3485.3322401046753,-21.0
415,3494.084424495697,-21.0
416,3502.2200763225555,-21.0
417,3510.367521047592,-21.0
418,3518.41672039032,-21.0
419,3526.524731397629,-21.0
420,3534.663514852524,-21.0
421,3542.8214066028595,-21.0
422,3555.0222795009613,-20.4
423,3570.9624841213226,-21.0
424,3582.9498751163483,-20.6
425,3600.541685819626,-19.8
426,3617.155615091324,-20.6
427,3636.697105407715,-8.2
428,3650.496750831604,-19.2
429,3664.971999645233,-20.6
430,3681.099613904953,-19.8
431,3696.0984723567963,-20.4
432,3712.382779598236,-20.2
433,3729.9370214939117,-19.4
434,3746.772912502289,-19.6
435,3761.7130665779114,-20.4
436,3776.5570719242096,-20.6
437,3793.395243167877,-19.6
438,3809.668130159378,-20.2
439,3824.17950296402,-20.2
440,3838.837212085724,-20.4
441,3857.4048199653625,-12.2
442,3875.5944595336914,-2.6
443,3891.7287318706512,3.0
444,4024.700125694275,2.8
445,4041.9646797180176,-9.4
446,4058.78293800354,-15.0
447,4074.1765429973602,-0.6
448,4091.371884584427,-15.4
449,4107.20959186554,-19.6
450,4236.605329036713,-9.0
451,4287.939162731171,-16.2
452,4416.367141962051,-8.4
453,4470.105534315109,-16.2
454,4559.319097042084,-12.6
455,4573.716105937958,-20.6
456,4777.037066459656,-1.0
457,4870.631586790085,-11.8
458,4998.884640216827,-8.0
459,5052.4269490242,-16.4
460,5069.463221549988,-18.4
461,5088.288236141205,-4.2
462,5178.169775009155,-8.0
463,5232.900144338608,-6.2
464,5286.587737083435,-15.2
465,5341.080000638962,-11.4
466,5392.918171167374,-16.4
467,5482.04350566864,-12.8
468,5498.50066947937,-19.8
469,5514.833789587021,-19.6
470,5566.1761248111725,-14.6
471,5619.519711494446,-14.6
472,5713.03427195549,-5.4
473,5803.959157466888,-0.6
474,5896.358914852142,-9.8
475,5985.925042152405,10.4
476,6040.402436256409,-2.2
477,6095.293509721756,-0.6
478,6184.672596216202,-11.6
479,6237.661877155304,-16.2
480,6291.327493906021,-15.6
481,6347.2524671554565,-10.6
482,6399.400021314621,-16.4
483,6452.626660585403,-16.6
484,6506.188591003418,-16.6
485,6595.948322534561,-13.0
486,6647.341803312302,-16.2
487,6701.834538459778,-17.0
488,6718.061812639236,-20.2
489,6812.794606924057,-12.0
490,6827.67574095726,-20.2
491,6919.620789527893,-12.8
492,7011.917278289795,-12.2
493,7026.889329910278,-19.0
494,7116.938460111618,-11.0
495,7208.346851348877,-12.6
496,7225.778950929642,-21.0
497,7279.389471530914,-15.6
498,7299.1737542152405,-20.8
499,7319.177664756775,-20.8
500,7415.862394571304,-11.4
501,7470.286419630051,-13.4
502,7491.507694482803,-12.6
503,7510.115001440048,-5.8
504,7534.628338575363,-16.6
505,7556.854870557785,-4.8
506,7577.198465585709,8.0
507,7596.064699172974,-2.8
508,7612.0914895534515,-8.2
509,7626.651650667191,11.2
510,7646.217669963837,-18.0
511,7670.6996393203735,-9.0
512,7685.828551054001,-19.6
513,7704.158317804337,-13.6
514,7722.282967090607,-17.2
515,7743.27804517746,-19.0
516,7757.386881828308,-20.2
517,7777.6859395504,-12.2
518,7799.373173713684,-20.6
519,7820.682123661041,-17.2
520,7838.1630573272705,-15.4
521,7856.402971506119,-13.8
522,7876.781032323837,-17.4
523,7897.134971141815,-14.6
524,7915.974344968796,-19.8
525,7934.269443273544,-13.0
526,7954.809332847595,-7.8
527,7971.462420701981,-8.8
528,7987.166059494019,-12.0
529,8003.243306398392,-12.8
530,8021.553366661072,-0.2
531,8039.998270750046,-13.0
532,8059.633836507797,-9.0
533,8085.590949773788,-20.2
534,8178.38156080246,-11.4
535,8197.552757263184,-21.0
536,8216.880875825882,-21.0
537,8240.206372261047,-21.0
538,8259.987150907516,-21.0
539,8278.915531635284,-21.0
540,8298.361770391464,-21.0
541,8319.401426315308,-21.0
542,8341.305175304413,-20.6
543,8365.374799966812,-21.0
544,8385.005235671997,-19.8
545,8412.12532877922,-21.0
546,8435.151668548584,-21.0
547,8453.192830562592,-21.0
548,8512.060028076172,-13.6
549,8569.583074092865,0.8
550,8703.640402793884,-1.4
551,8798.052834033966,-12.6
552,8816.338095664978,-20.6
553,8837.14371085167,-20.4
554,8857.089415073395,-20.8
555,8879.238878965378,-18.6
556,8897.002645254135,-20.8
557,8917.26833486557,-20.8
558,8935.468290805817,-21.0
559,8953.118936300278,-20.8
560,8971.922304868698,-20.8
561,9105.681421041489,-9.0
562,9160.358228206635,-14.6
563,9250.460632562637,-12.2
564,9267.967272043228,-20.6
565,9358.249998807907,-12.6
566,9408.926153421402,-16.2
567,9500.73317527771,-12.6
568,9629.275739908218,-6.2
569,9757.407161712646,-8.4
570,9775.034790277481,-17.8
571,9863.09333729744,-13.0
572,9880.159608602524,-14.4
573,9899.598778963089,-8.4
574,9994.411638736725,-13.0
575,10049.421146392822,-15.8
576,10067.475935220718,-21.0
577,10124.88844704628,-14.6
578,10182.140782117844,-16.8
579,10199.642535209656,-21.0
580,10220.735279083252,-21.0
581,10237.709214448929,-21.0
582,10258.814172029495,-21.0
583,10278.628779649734,-21.0
584,10296.359853744507,-21.0
585,10313.806267499924,-21.0
586,10331.496806144714,-21.0
587,10349.237617015839,-21.0
588,10366.9950902462,-21.0
589,10385.046903133392,-21.0
590,10402.819661617279,-21.0
591,10420.479017496109,-21.0
592,10442.951501607895,-0.6
593,10459.95573091507,-21.0
594,10477.780527830124,-21.0
595,10495.420765399933,-21.0
596,10513.874777555466,-21.0
597,10533.345844507217,-21.0
598,10551.768474578857,-21.0
599,10570.427260637283,-21.0
600,10596.34553694725,-14.6
601,10615.376548528671,-12.0
602,10632.378451108932,9.2
603,10647.430329561234,-0.2
604,10662.772458076477,-4.4
605,10677.165678977966,-2.6
606,10734.704807519913,-9.2
607,10796.162458181381,-0.8
608,10820.686668872833,-5.8
609,10844.202447414398,-13.0
610,10862.049917459488,-21.0
611,10878.449011802673,-21.0
612,10896.482516288757,-21.0
613,10914.062990427017,-21.0
614,10934.429181337357,-21.0
615,10952.099054574966,-21.0
616,10969.727864027023,-21.0
617,10992.337250947952,-21.0
618,11011.613022327423,-21.0
619,11029.605612039566,-21.0
620,11050.655995607376,-21.0
621,11069.579793930054,-21.0
622,11091.046790838242,-21.0
623,11108.68093752861,-21.0
624,11126.110489606857,-21.0
625,11149.037784576416,-15.0
626,11169.470982789993,-19.4
627,11188.324479341507,-15.6
628,11250.078248977661,-4.4
629,11269.711809635162,-0.8
630,11361.486296653748,-9.0
631,11382.328124284744,10.6
632,11405.539421319962,6.4
633,11537.29311466217,-0.2
634,11559.598901510239,2.8
635,11574.038200616837,-17.6
636,11591.638346195221,-17.6
637,11608.950221538544,-9.0
638,11628.615943908691,-8.2
639,11644.972991228104,-5.2
640,11660.847264766693,-11.0
641,11681.51969575882,1.2
642,11697.708177566528,1.4
643,11711.414276599884,-0.6
644,11724.41647028923,-14.6
645,11738.599807739258,-15.0
646,11754.317438840866,-6.8
647,11770.924710988998,-11.0
648,11788.878939390182,-11.8
649,11809.589811086655,-7.8
650,11830.099670171738,-7.8
651,11851.090316057205,-8.2
652,11871.466307640076,-7.8
653,11892.923629522324,-5.6
654,11912.9995303154,-9.6
655,11928.826069831848,1.2
656,11954.049637079239,-8.6
657,11978.962527275085,-4.8
658,11997.405448198318,-13.0
659,12022.209947824478,-5.0
660,12038.473675251007,-5.2
661,12058.939714431763,-5.4
662,12083.619056463242,-5.0
663,12107.097780704498,-2.0
664,12135.252068042755,-2.0
665,12154.438117742538,-13.4
666,12171.2767431736,-18.2
667,12192.215087413788,3.2
668,12218.048098564148,-4.2
669,12245.89347410202,-5.0
670,12271.19138264656,3.6
671,12295.223485708237,-4.8
672,12320.769911527634,2.4
673,12343.422604084015,-1.8
674,12366.810603141785,3.0
675,12386.120663166046,-21.0
676,12407.441209554672,13.0
677,12429.76809310913,-21.0
678,12450.695091962814,-17.0
679,12474.108412742615,0.6
680,12497.828033447266,-5.2
681,12527.111730575562,-9.6
682,12550.794882297516,-13.8
683,12568.816971063614,-20.4
684,12593.586436510086,-17.2
685,12619.774555683136,-4.8
686,12646.370005369186,-12.2
687,12671.095040559769,6.8
688,12696.599746465683,-4.6
689,12720.82609462738,-15.8
690,12743.906160354614,-14.6
691,12763.221847295761,-15.2
692,12786.652461051941,-15.6
693,12807.203315019608,-18.6
694,12836.27536725998,-12.0
695,12863.228848934174,-13.8
696,12886.32793021202,-17.8
697,12907.533780097961,-14.4
698,12930.669796228409,-2.0
699,12954.397497653961,-1.6
700,12982.649283647537,-5.0
701,13004.560465574265,-6.2
702,13020.166254281998,-16.6
703,13044.462038040161,9.8
704,13075.447058439255,-1.6
705,13096.148814201355,10.8
706,13123.170675992966,-9.0
707,13150.733474969864,-8.4
708,13179.4011220932,2.8
709,13206.219967365265,2.4
710,13237.003913640976,-1.8
711,13264.236543893814,-1.2
712,13286.718717813492,-7.0
713,13308.106055259705,-2.0
714,13328.850071191788,-8.8
715,13352.650170087814,-14.8
716,13373.735124588013,-21.0
717,13390.708096265793,-21.0
718,13407.267196655273,-21.0
719,13423.740020990372,3.0
720,13452.530642032623,-4.0
721,13476.352651834488,-8.2
722,13504.572477579117,-4.6
723,13520.638341665268,-16.0
724,13544.44090104103,-17.0
725,13571.536629676819,-12.0
726,13593.664696455002,-16.6
727,13613.456547737122,-17.4
728,13636.853465557098,-13.2
729,13654.051587343216,-21.0
730,13679.305862903595,-13.2
731,13706.999812602997,-8.2
732,13725.583366394043,-19.2
733,13747.687545061111,-8.2
734,13761.018201351166,-16.8
735,13775.994461297989,-17.0
736,13800.174930334091,-17.0
737,13819.468101263046,-21.0
738,13845.693469524384,-8.2
739,13865.767100334167,-17.8
740,13888.529161930084,-14.6
741,13917.91225361824,-5.0
742,13940.485800504684,2.6
743,13965.087082386017,-8.2
744,13988.231305599213,-9.0
745,14016.365848302841,6.2
746,14044.039513111115,3.2
747,14064.446571588516,-6.0
748,14089.286487579346,-1.2
749,14113.517152547836,-8.6
750,14143.71949672699,3.8
751,14161.499270677567,-9.6
752,14183.39940571785,-6.0
753,14210.554203748703,-4.8
754,14234.649630308151,10.4
755,14258.15469121933,7.2
756,14281.765207529068,-8.8
757,14304.803007364273,-8.6
758,14319.730367660522,-11.4
759,14331.444119930267,-18.2
760,14355.512702465057,11.2
761,14379.172161340714,-7.4
762,14396.791073322296,-13.0
763,14407.448698997498,-13.2
764,14429.57306933403,-9.0
765,14450.35118675232,3.0
766,14477.326622724533,-3.6
767,14499.673427820206,-8.6
768,14512.751098394394,-6.2
769,14532.74869275093,-13.0
770,14564.357838869095,-0.6
771,14586.667184352875,1.8
772,14608.961952924728,2.2
773,14632.45756483078,-8.8
774,14658.951518058777,-5.0
775,14688.145520448685,3.6
776,14714.498054265976,-0.8
777,14742.336606264114,-4.6
778,14767.79698896408,-1.2
779,14790.979264736176,2.2
780,14816.878769874573,-1.2
781,14850.52850317955,0.2
782,14867.222303628922,8.6
783,14886.775028467178,14.2
784,14907.485078334808,0.4
785,14925.683601617813,16.2
786,14947.454533338547,-6.2
787,14966.583463907242,5.8
788,14982.21843290329,9.0
789,15000.607147216797,14.0
790,15019.277346372604,16.0
791,15034.279751777649,-0.8
792,15046.766693592072,3.0
793,15063.384459257126,17.6
794,15076.635632514954,-1.8
795,15092.625916957855,6.4
796,15105.899305582047,1.8
797,15125.021841049194,14.6
798,15144.64450931549,13.8
799,15159.398407697678,10.2
800,15169.828703641891,-13.8
801,15191.834010601044,12.0
802,15205.203494787216,3.6
803,15219.091018915176,-5.0
804,15238.090800762177,-11.8
805,15257.147638320923,4.6
806,15273.349279880524,-1.4
807,15290.116137504578,-7.4
808,15306.187243700027,8.6
809,15324.132352352142,17.0
810,15339.984262228012,18.2
811,15354.384801626205,-5.8
812,15372.481518983841,4.0
813,15387.112308502197,-10.0
814,15403.533941030502,9.4
815,15418.896460056305,18.8
816,15434.561116933823,10.0
817,15450.17533826828,1.8
818,15471.511132955551,11.0
819,15485.919750452042,10.6
820,15500.345413446426,2.4
821,15517.419746398926,17.0
822,15532.393229007721,2.4
823,15547.815973520279,18.2
824,15562.848509550095,2.4
825,15578.685480594635,10.6
826,15593.644958496094,3.0
827,15611.513188362122,16.8
828,15629.259628295898,17.2
829,15646.221248626709,17.8
830,15663.073246240616,17.6
831,15677.237623214722,-5.2
832,15690.766292333603,11.2
833,15706.218382835388,10.0
834,15719.755008459091,-5.2
835,15736.684073209763,9.4
836,15750.214437961578,3.6
837,15767.963326931,9.8
838,15782.928130626678,10.6
839,15799.666547060013,16.4
840,15813.954567193985,-5.4
841,15826.902762889862,-20.6
842,15843.42370057106,18.8
843,15859.659863948822,9.4
844,15879.054256916046,13.6
845,15894.014380693436,-7.0
846,15906.832332372665,1.2
847,15924.567415952682,17.6
848,15938.962537288666,19.4
849,15955.603744029999,7.8
850,15971.517139434814,18.0
851,15987.88777256012,8.8
852,16002.097727537155,2.6
853,16015.11795592308,-4.6
854,16031.404972314835,10.0
855,16049.075724124908,16.4
856,16064.660401821136,10.6
857,16079.829858064651,1.8
858,16096.950456619263,16.8
859,16111.15422821045,10.6
860,16126.384589672089,1.8
861,16143.69719696045,9.4
862,16158.128915786743,-5.8
863,16177.373900413513,15.6
864,16195.441148281097,7.4
865,16211.368799209595,10.0
866,16225.471890687943,-13.4
867,16242.60858631134,8.4
868,16259.663477420807,0.8
869,16275.961174488068,11.2
870,16292.55639719963,18.2
871,16308.291918754578,9.4
872,16325.074266195297,17.0
873,16339.507938623428,-12.8
874,16357.3381254673,8.8
875,16374.645985364914,18.6
876,16390.079649448395,10.4
877,16404.444008350372,-5.6
878,16419.372185230255,-5.4
879,16435.381725788116,10.4
880,16449.396493673325,3.0
881,16468.680955410004,8.2
882,16484.17044734955,2.8
883,16498.338329553604,-5.0
884,16514.25876879692,1.2
885,16530.04701113701,9.6
886,16551.637932538986,17.2
887,16569.501460552216,7.8
888,16584.771634101868,-6.4
889,16603.477289676666,8.0
890,16620.097872257233,9.6
891,16640.674236297607,5.6
892,16654.80820631981,-5.4
893,16669.777032375336,2.0
894,16689.72333931923,14.4
895,16706.111528158188,18.0
896,16723.81838107109,17.2
897,16739.30020236969,3.6
898,16755.95554113388,1.8
899,16772.911304473877,9.4
900,16784.045691490173,-12.0
901,16801.23747062683,17.6
902,16817.516812086105,17.6
903,16834.73673939705,18.0
904,16854.230686187744,13.8
905,16872.08984184265,16.8
906,16888.810748815536,18.6
907,16904.419678926468,2.2
908,16916.73147892952,-12.8
909,16931.273485422134,11.0
910,16947.623903989792,17.2
911,16965.98445034027,16.6
912,16979.817296266556,20.6
913,16995.03600525856,20.6
914,17010.364868164062,-0.8
915,17026.496175527573,1.8
916,17039.972774267197,3.8
917,17055.263897418976,2.0
918,17070.01824903488,19.4
919,17084.694708824158,2.2
920,17099.67086982727,1.6
921,17114.09174346924,12.0
922,17128.57429742813,20.2
923,17142.782709121704,1.6
924,17158.30081677437,0.2
925,17174.347458839417,20.2
926,17189.528747558594,11.4
927,17204.739775896072,10.2
928,17221.616579055786,16.8
929,17238.672070741653,17.2
930,17255.885997772217,17.6
931,17270.189027547836,3.6
932,17284.327486515045,-4.0
933,17297.422937870026,-12.0
934,17312.682473897934,20.0
935,17327.74781727791,-6.6
936,17346.214121818542,14.8
937,17362.907524585724,15.6
938,17377.91682076454,1.2
939,17390.93801999092,-4.2
940,17404.403478622437,-2.8
941,17422.20792865753,2.0
942,17436.721558094025,10.4
943,17450.72914981842,4.8
944,17465.875935077667,19.0
945,17482.43137216568,19.0
946,17498.077162981033,19.6
947,17512.65109372139,-3.8
948,17529.709405183792,12.2
949,17545.18665623665,18.4
950,17560.40143275261,19.4
951,17573.453802108765,-3.4
952,17590.013003587723,-9.0
953,17607.52946782112,18.4
954,17624.972283363342,17.4
955,17639.47590637207,4.4
956,17656.873029470444,16.4
957,17672.989347934723,20.0
958,17689.42930340767,12.2
959,17705.969163179398,12.2
960,17727.567238092422,12.8
961,17740.63141798973,11.8
962,17754.41971206665,10.2
963,17768.322149515152,4.0
964,17783.16927433014,-7.6
965,17797.005618810654,4.0
966,17814.625066041946,-6.8
967,17829.65712404251,-9.8
968,17845.833777427673,6.8
969,17864.743985176086,-13.8
970,17889.20279288292,-6.8
971,17900.641585111618,-20.2
972,17913.953859567642,3.8
973,17928.5570230484,-1.6
974,17939.43203496933,-11.8
975,17948.106900453568,-20.2
976,17957.172310352325,-19.6
977,17966.639905929565,-19.6
978,17978.567316055298,-3.8
979,17989.353073835373,-11.8
980,17999.840262889862,-11.6
981,18015.356017112732,-1.0
982,18029.351427793503,12.2
983,18043.950397014618,11.6
984,18059.729502677917,12.2
985,18078.64854669571,3.8
986,18096.46197128296,-12.6
987,18110.46965765953,-8.2
988,18128.09313726425,7.4
989,18145.486789941788,7.8
990,18160.21970129013,17.6
991,18178.620044708252,5.6
992,18195.826558113098,16.8
993,18211.942210435867,19.8
994,18227.392528533936,19.2
995,18244.00826215744,19.4
996,18261.008283138275,19.0
997,18278.338490962982,18.0
998,18296.196756601334,18.6
999,18313.202146053314,18.6
1000,18333.26625084877,17.0
1001,18353.224027872086,-1.6
1002,18375.009531497955,15.6
1003,18389.00256872177,4.0
1004,18401.39914560318,-4.0
1005,18419.045072078705,19.6
1006,18435.337512493134,18.2
1007,18451.228839159012,19.2
1008,18474.790412187576,7.2
1009,18493.980765104294,15.2
1010,18510.678719758987,12.0
1011,18532.435983896255,14.6
1012,18549.480323076248,19.4
1013,18566.306719064713,18.8
1014,18583.454010009766,14.0
1015,18599.93240261078,19.6
1016,18617.270510435104,18.8
1017,18632.61513185501,18.4
1018,18648.009274959564,18.4
1019,18665.759632349014,17.2
1020,18680.632480621338,-4.2
1021,18695.372079372406,4.0
1022,18712.14271044731,4.0
1023,18732.990394830704,16.4
1024,18748.4023103714,18.4
1025,18771.854949474335,-7.6
1026,18792.301294088364,-1.4
1027,18816.91854286194,-2.0
1028,18839.239501476288,15.4
1029,18860.84067630768,-2.8
1030,18884.715929985046,-3.6
1031,18904.04675912857,-7.4
1032,18922.077257871628,19.6
1033,18954.220910310745,-1.8
1034,18977.388464689255,11.6
1035,18993.16129040718,12.2
1036,19010.144597291946,12.0
1037,19025.711698532104,-9.4
1038,19042.274839639664,-0.2
1039,19055.704137325287,-12.4
1040,19071.624136686325,1.4
1041,19085.6663210392,3.4
1042,19100.71472287178,-4.4
1043,19115.345557451248,-18.8
1044,19130.513864517212,4.0
1045,19143.6259059906,-3.4
1046,19156.492369651794,2.6
1047,19176.88638162613,16.2
1048,19189.003227472305,2.8
1049,19202.478029966354,4.0
1050,19220.30605864525,14.0
1051,19236.78183221817,17.0
1052,19257.483961105347,12.2
1053,19271.963606119156,4.0
1054,19286.224983930588,3.6
1055,19301.877164125443,11.2
1056,19317.354406118393,3.0
1057,19333.23043513298,18.2
1058,19348.36928653717,11.4
1059,19364.095042467117,1.6
1060,19379.643240213394,19.2
1061,19397.815578699112,17.6
1062,19414.778831720352,18.6
1063,19430.40264582634,-2.4
1064,19450.017659187317,12.6
1065,19472.723351478577,14.6
1066,19488.037574768066,-8.4
1067,19506.715681791306,-11.2
1068,19525.380776405334,13.8
1069,19541.690762996674,20.0
1070,19556.645895004272,5.0
1071,19572.13585972786,20.0
1072,19591.21434354782,16.2
1073,19612.88370347023,-3.0
1074,19636.54260659218,9.6
1075,19655.27088189125,10.8
1076,19675.809606552124,-3.4
1077,19700.95458340645,11.2
1078,19726.169540166855,9.0
1079,19745.880498170853,17.2
1080,19768.705038309097,11.6
1081,19791.714981794357,11.8
1082,19805.79192686081,-12.8
1083,19828.41377210617,10.6
1084,19846.766025066376,9.0
1085,19866.753749370575,-6.0
1086,19887.789841413498,9.6
1087,19906.236493110657,10.4
1088,19928.19353032112,-0.8
1089,19947.369492530823,9.0
1090,19965.09438085556,9.2
1091,19985.71606707573,14.0
1092,20007.839869976044,11.8
1093,20026.63436937332,-4.8
1094,20047.27020907402,12.4
1095,20062.612583637238,-8.2
1096,20081.598010778427,13.2
1097,20097.669187307358,8.6
1098,20115.238394498825,17.0
1099,20132.882562875748,15.0
1100,20152.61097431183,13.2
1101,20173.438317537308,11.2
1102,20191.34479522705,16.0
1103,20211.192643880844,9.2
1104,20228.12124991417,-8.2
1105,20241.719888687134,4.8
1106,20258.00536251068,12.4
1107,20275.266807317734,-0.6
1108,20289.522825717926,11.0
1109,20302.491503238678,4.0
1110,20317.580118894577,19.2
1111,20333.57772707939,18.8
1112,20349.226074695587,19.2
1113,20363.954721450806,19.8
1114,20379.290122270584,19.2
1115,20396.222618341446,17.6
1116,20411.71633553505,8.4
1117,20429.819885492325,11.4
1118,20445.70193886757,18.8
1119,20455.50195813179,-4.4
1120,20470.30278301239,11.2
1121,20486.342931985855,18.0
1122,20509.557280778885,7.2
1123,20523.851788043976,0.6
1124,20541.839439868927,16.0
1125,20554.096302747726,-15.4
1126,20566.88539838791,2.0
1127,20581.85610795021,6.8
1128,20597.975053548813,18.4
1129,20613.75400710106,8.8
1130,20627.329958438873,9.8
1131,20638.3347325325,-6.2
1132,20653.327771663666,19.0
1133,20670.282735824585,8.2
1134,20692.506149291992,7.6
1135,20717.793939828873,12.8
1136,20732.94288277626,10.8
1137,20748.286751270294,8.8
1138,20764.351908922195,8.2
1139,20778.211362361908,11.0
1140,20791.59218811989,12.4
1141,20810.155564069748,-3.6
1142,20826.649867773056,17.6
1143,20837.015821933746,-4.8
1144,20857.237465143204,14.4
1145,20937.89521598816,8.6
1146,20952.326687335968,9.2
1147,20967.774010419846,19.4
1148,20989.70890402794,-4.8
1149,21003.506567955017,10.2
1150,21017.207575798035,10.2
1151,21029.967223882675,11.4
1152,21045.72438430786,10.0
1153,21063.277445554733,-0.8
1154,21079.09913611412,17.2
1155,21093.152876377106,1.6
1156,21108.465239048004,18.0
1157,21122.162801980972,18.8
1158,21137.38771891594,18.8
1159,21151.12506532669,11.4
1160,21169.7976269722,15.0
1161,21185.187833547592,9.0
1162,21200.424922466278,18.0
1163,21215.122739315033,17.6
1164,21229.80415391922,19.6
1165,21245.150143146515,18.2
1166,21260.85985660553,3.6
1167,21274.74059844017,19.2
1168,21290.38090991974,18.0
1169,21304.765704870224,19.2
1170,21319.053777217865,19.2
1171,21331.000600337982,4.4
1172,21346.21685028076,19.6
1173,21360.789162635803,19.6
1174,21375.044122219086,19.0
1175,21389.930525779724,18.4
1176,21405.164388656616,18.4
1177,21419.541152715683,18.8
1178,21435.74007844925,16.8
1179,21450.783652305603,19.4
1180,21462.900598287582,-5.0
1181,21477.70947098732,19.6
1182,21493.543617010117,18.4
1183,21508.517995357513,18.8
1184,21522.76742553711,19.4
1185,21536.513839006424,19.2
1186,21550.884259700775,18.8
1187,21565.048428058624,19.6
1188,21579.83038210869,19.8
1189,21596.578936815262,16.8
1190,21610.08781671524,19.8
1191,21624.331711292267,19.4
1192,21637.918125629425,19.6
1193,21653.53167796135,19.4
1194,21668.602205753326,19.2
1195,21683.30149626732,19.4
1196,21698.243545293808,18.6
1197,21713.764936685562,18.4
1198,21728.81638288498,19.4
1199,21744.265107631683,18.6
1200,21759.581209421158,18.6
1201,21774.29924750328,19.6
1202,21787.91218471527,11.6
1203,21801.166182518005,3.2
1204,21813.376202583313,-4.2
1205,21825.265664815903,-12.4
1206,21838.072129011154,3.6
1207,21852.789400577545,0.8
1208,21864.622224092484,-12.4
1209,21879.043432474136,19.0
1210,21899.7223675251,-2.0
1211,21919.25936603546,11.6
1212,21934.196994543076,-15.4
1213,21951.937356710434,15.2
1214,21980.751585245132,4.4
1215,22002.187019348145,10.6
1216,22023.18384385109,9.6
1217,22044.15797019005,14.2
1218,22067.417375802994,11.0
1219,22083.086992263794,19.4
1220,22100.035816192627,15.8
1221,22115.884347438812,16.4
1222,22130.21115875244,19.2
1223,22144.573387145996,19.6
1224,22160.41790986061,19.0
1225,22174.718390226364,17.6
1226,22189.316153764725,17.2
1227,22203.626835107803,19.0
1228,22217.85098385811,19.6
1229,22232.645179510117,19.6
1230,22246.478125333786,19.2
1231,22271.8332593441,3.0
1232,22288.569929361343,16.0
1233,22305.59279537201,15.2
1234,22320.48022222519,19.8
1235,22335.48786997795,19.0
1236,22350.664741039276,19.6
1237,22365.18708896637,19.4
1238,22381.283126592636,19.4
1239,22402.743719816208,8.2
1240,22418.690436840057,15.2
1241,22431.76187300682,3.4
1242,22446.589475870132,18.8
1243,22461.463815689087,19.0
1244,22475.644189596176,4.2
1245,22490.207925081253,12.2
1246,22506.460802316666,16.4
1247,22521.63449692726,19.4
1248,22536.66546344757,18.0
1249,22551.92193055153,18.8
1250,22568.554682970047,13.8
1251,22585.69176387787,15.8
1252,22602.493510484695,15.6
1253,22622.38437819481,12.6
1254,22641.93605208397,12.4
1255,22664.531506061554,12.4
1256,22680.34776854515,18.0
1257,22697.291573047638,16.8
1258,22713.622101068497,17.6
1259,22729.606950759888,19.8
1260,22743.55259370804,19.4
1261,22762.88107895851,12.2
1262,22783.267111301422,17.6
1263,22798.944932222366,18.2
1264,22815.039877176285,17.8
1265,22834.079521894455,12.8
1266,22849.541791439056,18.8
1267,22868.323593378067,11.0
1268,22884.146673202515,18.6
1269,22900.506290912628,14.4
1270,22920.402032136917,12.6
1271,22936.86864733696,19.0
1272,22955.295270204544,19.4
1273,22973.088396549225,17.4
1274,22987.305560827255,19.6
1275,23005.952706098557,19.2
1276,23023.05442047119,19.0
1277,23040.46518611908,20.0
1278,23057.304357290268,19.6
1279,23073.839072942734,19.6
1280,23091.445157527924,19.6
1281,23109.775866270065,18.8
1282,23127.524300575256,20.0
1283,23145.119102478027,16.4
1284,23164.7333548069,13.2
1285,23184.0697786808,12.8
1286,23198.30050444603,19.6
1287,23219.33650445938,9.6
1288,23237.809409856796,13.0
1289,23252.42126941681,19.0
1290,23271.45267868042,12.0
1291,23288.624553203583,15.2
1292,23304.86536502838,16.2
1293,23318.64617228508,18.8
1294,23332.416810512543,19.2
1295,23349.3252017498,15.8
1296,23364.185685396194,19.8
1297,23379.252135515213,19.2
1298,23394.08713698387,19.2
1299,23408.29329252243,19.2
1300,23423.57552266121,18.6
1301,23438.471657514572,19.4
1302,23453.72055029869,18.6
1303,23469.339366197586,19.4
1304,23484.203825235367,19.4
1305,23498.35223889351,19.6
1306,23513.121881723404,19.8
1307,23527.55192041397,19.2
1308,23542.450264930725,19.4
1309,23557.07463002205,19.2
1310,23572.669048070908,18.8
1311,23586.884310245514,20.0
1312,23602.894074440002,19.6
1313,23617.699981451035,19.6
1314,23632.64032125473,19.4
1315,23646.95296239853,19.4
1316,23661.686722517014,19.8
1317,23676.4872982502,19.4
1318,23691.32540178299,20.0
1319,23708.100564956665,17.2
1320,23724.49606871605,19.2
1321,23739.092287302017,19.0
1322,23753.35707259178,19.6
1323,23773.605090856552,13.0
1324,23791.20375728607,19.8
1325,23807.99642086029,16.2
1326,23823.346348524094,12.4
1327,23837.600002765656,19.6
1328,23853.059915065765,13.8
1329,23872.06878066063,19.4
1330,23886.90970301628,19.6
1331,23902.55270409584,19.6
1332,23917.43535709381,19.8
1333,23931.3999004364,20.4
1334,23945.467015743256,19.8
1335,23959.558898448944,17.8
1336,23976.78324198723,16.4
1337,23992.291718244553,19.6
1338,24006.55744767189,19.8
1339,24020.569020032883,19.8
1340,24035.74319958687,19.8
1341,24050.620923757553,19.6
1342,24064.666929244995,19.4
1343,24079.80592393875,19.8
1344,24094.856110572815,17.2
1345,24112.207612752914,2.0
1346,24126.92124915123,18.2
1347,24141.723665952682,19.4
1348,24155.886816501617,19.6
1349,24171.371284008026,19.6
1350,24186.99147772789,19.4
1351,24203.05332159996,17.2
1352,24217.756467103958,19.8
1353,24232.2752969265,19.2
1354,24247.064344882965,19.4
1355,24263.18360066414,19.6
1356,24276.998344659805,19.6
1357,24292.643120527267,19.2
1358,24306.975907564163,19.4
1359,24321.148896217346,19.6
1360,24336.678154230118,19.2
1361,24352.092123270035,19.4
1362,24366.581233024597,19.2
1363,24381.504508018494,19.6
1364,24395.029972314835,19.4
1365,24409.170986413956,19.4
1366,24424.014671564102,19.4
1367,24441.07107114792,18.0
1368,24459.56855893135,17.2
1369,24475.090570926666,19.4
1370,24495.289786100388,15.8
1371,24511.520168304443,19.2
1372,24527.675946474075,17.8
1373,24542.08405995369,19.6
1374,24556.849207639694,19.8
1375,24572.25594496727,19.6
1376,24588.663937091827,19.0
1377,24605.114241600037,18.8
1378,24620.166516065598,18.8
1379,24635.54414844513,19.8
1380,24654.86595392227,15.6
1381,24669.550981521606,19.4
1382,24686.89607977867,18.0
1383,24708.067800283432,15.6
1384,24722.829642534256,19.6
1385,24742.169720172882,15.6
1386,24763.765936136246,14.4
1387,24777.17833518982,20.0
1388,24791.32652950287,19.8
1389,24806.00953555107,19.4
1390,24819.98879623413,19.6
1391,24834.62522482872,19.4
1392,24849.25989675522,19.4
1393,24863.93333339691,18.4
1394,24880.24928998947,18.2
1395,24895.177232265472,19.2
1396,24910.138833999634,18.4
1397,24924.887293100357,19.2
1398,24939.461221933365,19.6
1399,24952.8147213459,19.8
1400,24966.866370677948,19.4
1401,24980.711602211,20.0
1402,24995.26586341858,19.6
1403,25009.969496011734,19.6
1404,25026.321709871292,17.6
1405,25040.612008571625,19.2
1406,25055.456734895706,19.2
1407,25069.884182691574,19.4
1408,25083.936534643173,19.8
1409,25099.99708557129,18.8
1410,25113.559990167618,19.4
1411,25130.642430067062,13.0
1412,25144.671851873398,19.6
1413,25158.804079771042,19.4
1414,25177.69069838524,16.4
1415,25192.539509534836,19.0
1416,25206.851420879364,19.0
1417,25222.944930791855,18.8
1418,25238.50045442581,18.6
1419,25253.667053222656,18.0
1420,25267.671617507935,19.6
1421,25281.03629922867,19.8
1422,25294.78987812996,18.8
1423,25308.97061920166,19.2
1424,25322.732600688934,18.8
1425,25338.802820920944,18.8
1426,25352.826750278473,19.8
1427,25366.956209897995,19.4
1428,25382.296906471252,19.4
1429,25396.05238556862,19.2
1430,25411.32866716385,19.6
1431,25425.477852106094,19.8
1432,25441.0061712265,19.4
1433,25455.8267724514,19.6
1434,25470.750428676605,19.4
1435,25484.17315673828,20.0
1436,25496.98716521263,20.0
1437,25511.8670065403,19.6
1438,25526.794175624847,18.6
1439,25541.76566672325,19.2
1440,25556.511927127838,19.6
1441,25578.4360435009,8.2
1442,25594.248959302902,14.2
1443,25608.751713514328,19.6
1444,25625.103388547897,13.8
1445,25643.73571395874,14.0
1446,25658.760668992996,13.8
1447,25674.125643730164,7.4
1448,25690.68340563774,16.0
1449,25705.871000528336,-8.2
1450,25724.01741695404,-12.4
1451,25744.89948964119,10.0
1452,25761.52299976349,16.6
1453,25775.855415582657,19.2
1454,25797.449828386307,9.2
1455,25812.05844449997,18.8
1456,25830.68368124962,14.8
1457,25845.51944756508,19.4
1458,25860.84747338295,19.4
1459,25876.1985578537,19.4
1460,25890.627933502197,18.2
1461,25905.680511713028,19.0
1462,25923.691402196884,15.2
1463,25940.585116624832,16.6
1464,25955.377959489822,13.0
1465,25973.441688537598,17.0
1466,25994.110699892044,11.6
1467,26011.261245250702,16.6
1468,26028.58674120903,18.2
1469,26042.640312433243,19.6
1470,26059.060439825058,17.2
1471,26076.95169854164,14.8
1472,26090.902135372162,19.8
1473,26105.524658441544,17.8
1474,26119.042974710464,19.4
1475,26133.113062143326,19.6
1476,26147.76266169548,19.6
1477,26166.047704458237,16.0
1478,26182.2143137455,17.4
1479,26196.425799369812,18.6
1480,26211.182570934296,14.2
1481,26226.73025035858,19.8
1482,26241.141493320465,19.6
1483,26256.332231760025,18.2
1484,26279.25980234146,3.2
1485,26294.16793203354,19.2
1486,26309.80282139778,13.2
1487,26324.05464577675,19.6
1488,26337.872450113297,5.2
1489,26352.463763475418,19.8
1490,26367.463797807693,19.2
1491,26379.695177316666,4.4
1492,26395.60148715973,13.0
1493,26410.55449295044,19.4
1494,26424.75500679016,19.6
1495,26444.854911327362,15.8
1496,26472.277081012726,13.4
1497,26495.955424785614,14.0
1498,26518.027915000916,14.4
1499,26536.74329519272,18.2
1500,26556.834327459335,16.2
1501,26571.795954227448,19.4
1502,26585.513964414597,19.4
1503,26599.777042150497,19.8
1504,26613.504838228226,19.4
1505,26627.828553438187,19.4
1506,26642.577880859375,19.4
1507,26656.727736234665,19.4
1508,26671.363332509995,19.6
1509,26686.333359241486,18.8
1510,26711.55007624626,13.8
1511,26727.01717066765,19.8
1512,26741.883555173874,19.6
1513,26762.156208515167,2.4
1514,26780.291110038757,17.8
1515,26796.219533920288,19.4
1516,26810.922286748886,19.4
1517,26825.86742091179,19.4
1518,26839.868927001953,19.2
1519,26853.41638994217,19.8
1520,26869.368119955063,19.0
1521,26883.439934015274,20.0
1522,26899.750740766525,16.0
1523,26914.336392879486,19.8
1524,26931.155212163925,14.0
1525,26944.161774635315,19.4
1526,26960.39950275421,19.0
1527,26975.87607884407,19.6
1528,26996.764623641968,16.2
1529,27014.26330256462,18.6
1530,27029.439574480057,18.4
1531,27046.312349796295,18.2
1532,27065.01611495018,17.6
1533,27086.813494682312,11.0
1534,27109.33311533928,9.2
1535,27126.244730234146,15.8
1536,27149.234505176544,9.6
1537,27164.534252643585,13.6
1538,27182.610656261444,18.4
1539,27198.08689546585,19.6
1540,27216.79306125641,16.6
1541,27234.498960018158,17.6
1542,27252.679609775543,17.8
1543,27270.15066933632,15.4
1544,27286.13586449623,17.4
1545,27302.46893596649,18.2
1546,27318.73846077919,18.8
1547,27333.38919043541,19.4
1548,27347.564972400665,19.2
1549,27363.094212055206,19.4
1550,27377.21320772171,19.8
1551,27392.08459186554,19.6
1552,27407.822504997253,19.0
1553,27423.532126426697,19.8
1554,27439.12906241417,19.2
1555,27454.37721467018,19.6
1556,27469.98392724991,18.0
1557,27485.112130641937,18.8
1558,27503.43249320984,18.0
1559,27518.4590818882,19.2
1560,27533.128766536713,19.6
1561,27550.396941661835,17.4
1562,27566.72540163994,18.2
1563,27581.586101293564,19.8
1564,27596.035623788834,19.2
1565,27611.701864004135,18.8
1566,27626.554974794388,17.2
1567,27643.775275945663,13.4
1568,27659.73025584221,15.6
1569,27676.15765762329,17.2
1570,27691.2703332901,18.8
1571,27705.295315027237,19.6
1572,27718.765276908875,19.8
1573,27732.570987939835,19.2
1574,27746.742539167404,19.8
1575,27760.96030640602,18.4
1576,27775.40319800377,18.6
1577,27790.080039024353,19.4
1578,27804.13244533539,19.6
1579,27819.575772047043,17.6
1580,27835.894530534744,15.6
1581,27850.644446849823,17.2
1582,27867.180697202682,13.6
1583,27885.649752616882,8.6
1584,27904.441627264023,8.6
1585,27921.85709643364,12.6
1586,27940.66687631607,9.8
1587,27957.753192663193,12.8
1588,27975.231002807617,11.2
1589,27990.62572979927,6.8
1590,28010.961267232895,6.4
1591,28025.174790620804,0.0
1592,28040.619166374207,0.4
1593,28056.759953975677,-2.2
1594,28070.836885213852,-7.4
1595,28089.000867128372,8.4
1596,28106.435577630997,12.2
1597,28121.62141060829,17.2
1598,28136.98190999031,17.8
1599,28154.339084148407,15.8
1600,28169.715003967285,15.4
1601,28186.39360189438,14.4
1602,28208.92059326172,7.8
1603,28226.892536640167,13.2
1604,28245.99245119095,10.0
1605,28267.02246260643,10.2
1606,28283.74809908867,13.6
1607,28301.587120771408,14.6
1608,28315.958295345306,8.6
1609,28332.673111200333,7.8
1610,28348.26992034912,8.2
1611,28361.523186445236,8.8
1612,28378.213055372238,13.8
1613,28396.375097990036,11.2
1614,28414.4323925972,11.4
1615,28431.395522117615,13.0
1616,28449.241912841797,11.4
1617,28465.962945461273,14.0
1618,28481.40436387062,15.8
1619,28496.981761455536,15.6
1620,28513.024808883667,14.6
1621,28530.234234571457,13.0
1622,28544.286118984222,18.0
1623,28558.699732542038,19.4
1624,28573.694568395615,18.8
1625,28587.354516983032,19.4
1626,28602.17947793007,19.6
1627,28617.10701441765,19.2
1628,28631.782127141953,19.6
1629,28646.54606485367,19.6
1630,28660.723983049393,19.8
1631,28675.017728805542,19.4
1632,28689.100549459457,11.6
1633,28701.283403158188,-3.6
1634,28716.178648471832,19.4
1635,28731.483471393585,19.6
1636,28744.988079309464,12.0
1637,28757.818591833115,11.8
1638,28775.065709352493,14.0
1639,28789.861922740936,12.0
1640,28802.73888683319,19.6
1641,28816.364310503006,13.6
1642,28831.550010681152,19.8
1643,28845.53644967079,19.2
1644,28857.534141540527,-3.6
1645,28869.873786449432,-3.4
1646,28883.233781814575,12.0
1647,28897.1135597229,6.0
1648,28909.00243473053,-9.4
1649,28923.531709194183,-8.4
1650,28938.567965507507,-8.2
1651,28952.834748983383,-8.2
1652,28968.302513837814,-8.0
1653,28984.34680557251,-3.6
1654,29000.38463783264,8.2
1655,29016.547810077667,16.8
1656,29032.22592973709,11.8
1657,29047.151823282242,17.8
1658,29063.750445604324,13.4
1659,29078.45664715767,18.0
1660,29094.562811613083,8.2
1661,29110.205954551697,-8.4
1662,29126.039721012115,-8.0
1663,29141.429565906525,-8.0
1664,29157.016800880432,-8.2
1665,29172.408242464066,-8.0
1666,29188.336324691772,11.2
1667,29204.66793203354,15.2
1668,29223.418982744217,11.8
1669,29240.732261657715,13.8
1670,29258.053820371628,13.8
1671,29274.246909856796,15.6
1672,29292.684827804565,11.2
1673,29309.01315522194,15.2
1674,29325.966399669647,-2.0
1675,29345.401350736618,7.6
1676,29364.000784635544,9.0
1677,29382.148873329163,9.0
1678,29400.86480331421,7.6
1679,29417.818232536316,12.4
1680,29432.38175034523,14.4
1681,29448.29825234413,15.6
1682,29464.142887592316,18.6
1683,29479.8046875,19.4
1684,29496.35271215439,19.0
1685,29511.21914100647,19.2
1686,29526.84408402443,19.2
1687,29542.195526361465,17.6
1688,29557.82366681099,19.2
1689,29572.75701403618,18.0
